{
	"info": {
		"_postman_id": "05418df8-fb9c-45eb-b782-453c8d27cb16",
		"name": "skyline",
		"schema": "https://schema.getpostman.com/json/collection/v2.1.0/collection.json"
	},
	"item": [
		{
			"name": "reservations",
			"item": [
				{
					"name": "findAllRegions",
					"request": {
						"method": "GET",
						"header": [],
						"url": {
							"raw": "{{url-lambda-query-cities}}/regions",
							"host": [
								"{{url-lambda-query-cities}}"
							],
							"path": [
								"regions"
							]
						}
					},
					"response": [
						{
							"name": "findAllRegions",
							"originalRequest": {
								"method": "GET",
								"header": [],
								"url": {
									"raw": "{{url-lambda-query-cities}}/regions",
									"host": [
										"{{url-lambda-query-cities}}"
									],
									"path": [
										"regions"
									]
								}
							},
							"status": "OK",
							"code": 200,
							"_postman_previewlanguage": "json",
							"header": [
								{
									"key": "X-Powered-By",
									"value": "Express"
								},
								{
									"key": "Access-Control-Allow-Origin",
									"value": "*"
								},
								{
									"key": "Content-Type",
									"value": "application/json; charset=utf-8"
								},
								{
									"key": "Content-Length",
									"value": "156"
								},
								{
									"key": "ETag",
									"value": "W/\"9c-RpbUQHXS2CmyGzaKOWWD46EXW60\""
								},
								{
									"key": "Date",
									"value": "Sun, 26 Mar 2023 16:56:31 GMT"
								},
								{
									"key": "Connection",
									"value": "keep-alive"
								},
								{
									"key": "Keep-Alive",
									"value": "timeout=5"
								}
							],
							"cookie": [],
							"body": "{\n    \"regions\": [\n        {\n            \"region_id\": \"1\",\n            \"description\": \"Suramérica\"\n        },\n        {\n            \"region_id\": \"2\",\n            \"description\": \"Norteamérica\"\n        },\n        {\n            \"region_id\": \"3\",\n            \"description\": \"Centroamérica\"\n        }\n    ]\n}"
						}
					]
				},
				{
					"name": "findAllCountriesByRegion",
					"request": {
						"method": "GET",
						"header": [],
						"url": {
							"raw": "{{url-lambda-query-cities}}/countries?regionId=1",
							"host": [
								"{{url-lambda-query-cities}}"
							],
							"path": [
								"countries"
							],
							"query": [
								{
									"key": "regionId",
									"value": "1"
								}
							]
						}
					},
					"response": [
						{
							"name": "findAllCountriesByRegion",
							"originalRequest": {
								"method": "GET",
								"header": [],
								"url": {
									"raw": "{{url-lambda-query-cities}}/countries?regionId=1",
									"host": [
										"{{url-lambda-query-cities}}"
									],
									"path": [
										"countries"
									],
									"query": [
										{
											"key": "regionId",
											"value": "1"
										}
									]
								}
							},
							"status": "OK",
							"code": 200,
							"_postman_previewlanguage": "json",
							"header": [
								{
									"key": "X-Powered-By",
									"value": "Express"
								},
								{
									"key": "Access-Control-Allow-Origin",
									"value": "*"
								},
								{
									"key": "Content-Type",
									"value": "application/json; charset=utf-8"
								},
								{
									"key": "Content-Length",
									"value": "78"
								},
								{
									"key": "ETag",
									"value": "W/\"4e-IZseazUpE9+V2ewDFbQnFAgLwjo\""
								},
								{
									"key": "Date",
									"value": "Sun, 26 Mar 2023 16:57:10 GMT"
								},
								{
									"key": "Connection",
									"value": "keep-alive"
								},
								{
									"key": "Keep-Alive",
									"value": "timeout=5"
								}
							],
							"cookie": [],
							"body": "{\n    \"countries\": [\n        {\n            \"country_id\": \"1\",\n            \"description\": \"Colombia\",\n            \"id_region_id\": \"1\"\n        }\n    ]\n}"
						},
						{
							"name": "findAllCountriesByRegion",
							"originalRequest": {
								"method": "GET",
								"header": [],
								"url": {
									"raw": "{{url-lambda-query-cities}}/countries",
									"host": [
										"{{url-lambda-query-cities}}"
									],
									"path": [
										"countries"
									],
									"query": [
										{
											"key": "regionId",
											"value": "1",
											"disabled": true
										}
									]
								}
							},
							"status": "Bad Request",
							"code": 400,
							"_postman_previewlanguage": "json",
							"header": [
								{
									"key": "X-Powered-By",
									"value": "Express"
								},
								{
									"key": "Access-Control-Allow-Origin",
									"value": "*"
								},
								{
									"key": "Content-Type",
									"value": "application/json; charset=utf-8"
								},
								{
									"key": "Content-Length",
									"value": "48"
								},
								{
									"key": "ETag",
									"value": "W/\"30-gib0ol5Ob64GTgG3HHYeQlJbdsY\""
								},
								{
									"key": "Date",
									"value": "Sun, 26 Mar 2023 16:58:45 GMT"
								},
								{
									"key": "Connection",
									"value": "keep-alive"
								},
								{
									"key": "Keep-Alive",
									"value": "timeout=5"
								}
							],
							"cookie": [],
							"body": "{\n    \"message\": \"Some required fields were not sent\"\n}"
						}
					]
				},
				{
					"name": "findCitiesByCountry",
					"request": {
						"method": "GET",
						"header": [],
						"url": {
							"raw": "{{url-lambda-query-cities}}/cities?countryId=1",
							"host": [
								"{{url-lambda-query-cities}}"
							],
							"path": [
								"cities"
							],
							"query": [
								{
									"key": "countryId",
									"value": "1"
								}
							]
						}
					},
					"response": [
						{
							"name": "findCitiesByCountry",
							"originalRequest": {
								"method": "GET",
								"header": [],
								"url": {
									"raw": "{{url-lambda-query-cities}}/cities?countryId=1",
									"host": [
										"{{url-lambda-query-cities}}"
									],
									"path": [
										"cities"
									],
									"query": [
										{
											"key": "countryId",
											"value": "1"
										}
									]
								}
							},
							"status": "OK",
							"code": 200,
							"_postman_previewlanguage": "json",
							"header": [
								{
									"key": "X-Powered-By",
									"value": "Express"
								},
								{
									"key": "Access-Control-Allow-Origin",
									"value": "*"
								},
								{
									"key": "Content-Type",
									"value": "application/json; charset=utf-8"
								},
								{
									"key": "Content-Length",
									"value": "69"
								},
								{
									"key": "ETag",
									"value": "W/\"45-X5ZSpwp426F/OVbA80o6R50ui5Y\""
								},
								{
									"key": "Date",
									"value": "Sun, 26 Mar 2023 16:57:51 GMT"
								},
								{
									"key": "Connection",
									"value": "keep-alive"
								},
								{
									"key": "Keep-Alive",
									"value": "timeout=5"
								}
							],
							"cookie": [],
							"body": "{\n    \"cities\": [\n        {\n            \"city_id\": \"1\",\n            \"description\": \"Cali\",\n            \"id_country_id\": \"1\"\n        }\n    ]\n}"
						},
						{
							"name": "findCitiesByCountry",
							"originalRequest": {
								"method": "GET",
								"header": [],
								"url": {
									"raw": "{{url-lambda-query-cities}}/cities",
									"host": [
										"{{url-lambda-query-cities}}"
									],
									"path": [
										"cities"
									],
									"query": [
										{
											"key": "countryId",
											"value": "1",
											"disabled": true
										}
									]
								}
							},
							"status": "Bad Request",
							"code": 400,
							"_postman_previewlanguage": "json",
							"header": [
								{
									"key": "X-Powered-By",
									"value": "Express"
								},
								{
									"key": "Access-Control-Allow-Origin",
									"value": "*"
								},
								{
									"key": "Content-Type",
									"value": "application/json; charset=utf-8"
								},
								{
									"key": "Content-Length",
									"value": "48"
								},
								{
									"key": "ETag",
									"value": "W/\"30-gib0ol5Ob64GTgG3HHYeQlJbdsY\""
								},
								{
									"key": "Date",
									"value": "Sun, 26 Mar 2023 16:59:02 GMT"
								},
								{
									"key": "Connection",
									"value": "keep-alive"
								},
								{
									"key": "Keep-Alive",
									"value": "timeout=5"
								}
							],
							"cookie": [],
							"body": "{\n    \"message\": \"Some required fields were not sent\"\n}"
						}
					]
				},
				{
					"name": "findAllAirportsByCity",
					"request": {
						"method": "GET",
						"header": [],
						"url": {
							"raw": "{{url-lambda-query-cities}}/airports?cityId=1",
							"host": [
								"{{url-lambda-query-cities}}"
							],
							"path": [
								"airports"
							],
							"query": [
								{
									"key": "cityId",
									"value": "1"
								}
							]
						}
					},
					"response": [
						{
							"name": "findAllAirportsByCity",
							"originalRequest": {
								"method": "GET",
								"header": [],
								"url": {
									"raw": "{{url-lambda-query-cities}}/airports?cityId=1",
									"host": [
										"{{url-lambda-query-cities}}"
									],
									"path": [
										"airports"
									],
									"query": [
										{
											"key": "cityId",
											"value": "1"
										}
									]
								}
							},
							"status": "OK",
							"code": 200,
							"_postman_previewlanguage": "json",
							"header": [
								{
									"key": "X-Powered-By",
									"value": "Express"
								},
								{
									"key": "Access-Control-Allow-Origin",
									"value": "*"
								},
								{
									"key": "Content-Type",
									"value": "application/json; charset=utf-8"
								},
								{
									"key": "Content-Length",
									"value": "90"
								},
								{
									"key": "ETag",
									"value": "W/\"5a-Ndv7hxL5qmM0BDMTOcb6qJrLFcM\""
								},
								{
									"key": "Date",
									"value": "Sun, 26 Mar 2023 08:15:24 GMT"
								},
								{
									"key": "Connection",
									"value": "keep-alive"
								},
								{
									"key": "Keep-Alive",
									"value": "timeout=5"
								}
							],
							"cookie": [],
							"body": "{\n    \"airports\": [\n        {\n            \"airport_id\": \"1\",\n            \"description\": \"Alfonso Bonilla Aragón\",\n            \"id_city_id\": \"1\"\n        }\n    ]\n}"
						},
						{
							"name": "findAllAirportsByCity",
							"originalRequest": {
								"method": "GET",
								"header": [],
								"url": {
									"raw": "{{url-lambda-query-cities}}/airports",
									"host": [
										"{{url-lambda-query-cities}}"
									],
									"path": [
										"airports"
									],
									"query": [
										{
											"key": "cityId",
											"value": "1",
											"disabled": true
										}
									]
								}
							},
							"status": "Bad Request",
							"code": 400,
							"_postman_previewlanguage": "json",
							"header": [
								{
									"key": "X-Powered-By",
									"value": "Express"
								},
								{
									"key": "Access-Control-Allow-Origin",
									"value": "*"
								},
								{
									"key": "Content-Type",
									"value": "application/json; charset=utf-8"
								},
								{
									"key": "Content-Length",
									"value": "48"
								},
								{
									"key": "ETag",
									"value": "W/\"30-gib0ol5Ob64GTgG3HHYeQlJbdsY\""
								},
								{
									"key": "Date",
									"value": "Sun, 26 Mar 2023 16:59:30 GMT"
								},
								{
									"key": "Connection",
									"value": "keep-alive"
								},
								{
									"key": "Keep-Alive",
									"value": "timeout=5"
								}
							],
							"cookie": [],
							"body": "{\n    \"message\": \"Some required fields were not sent\"\n}"
						}
					]
				},
				{
					"name": "findAllDestinationsByOriginCity",
					"request": {
						"method": "GET",
						"header": [],
						"url": {
							"raw": "{{url-lambda-query-cities}}/destinations?originCityId=1",
							"host": [
								"{{url-lambda-query-cities}}"
							],
							"path": [
								"destinations"
							],
							"query": [
								{
									"key": "originCityId",
									"value": "1"
								}
							]
						}
					},
					"response": [
						{
							"name": "findAllDestinationsByOriginCity",
							"originalRequest": {
								"method": "GET",
								"header": [],
								"url": {
									"raw": "{{url-lambda-query-cities}}/destinations?originCityId=1",
									"host": [
										"{{url-lambda-query-cities}}"
									],
									"path": [
										"destinations"
									],
									"query": [
										{
											"key": "originCityId",
											"value": "1"
										}
									]
								}
							},
							"status": "OK",
							"code": 200,
							"_postman_previewlanguage": "json",
							"header": [
								{
									"key": "X-Powered-By",
									"value": "Express"
								},
								{
									"key": "Access-Control-Allow-Origin",
									"value": "*"
								},
								{
									"key": "Content-Type",
									"value": "application/json; charset=utf-8"
								},
								{
									"key": "Content-Length",
									"value": "248"
								},
								{
									"key": "ETag",
									"value": "W/\"f8-YD1EXrRh3MOB2UmUReFRFPP1cqc\""
								},
								{
									"key": "Date",
									"value": "Sun, 26 Mar 2023 09:54:10 GMT"
								},
								{
									"key": "Connection",
									"value": "keep-alive"
								},
								{
									"key": "Keep-Alive",
									"value": "timeout=5"
								}
							],
							"cookie": [],
							"body": "{\n    \"destinations\": [\n        {\n            \"description\": \"Washington DC\",\n            \"distance\": \"3800\",\n            \"durationtime\": \"4.6\",\n            \"origincityid\": \"1\",\n            \"destinationcityid\": \"2\"\n        },\n        {\n            \"description\": \"San Salvador\",\n            \"distance\": \"1768.8\",\n            \"durationtime\": \"2.34\",\n            \"origincityid\": \"1\",\n            \"destinationcityid\": \"3\"\n        }\n    ]\n}"
						},
						{
							"name": "findAllDestinationsByOriginCity",
							"originalRequest": {
								"method": "GET",
								"header": [],
								"url": {
									"raw": "{{url-lambda-query-cities}}/destinations",
									"host": [
										"{{url-lambda-query-cities}}"
									],
									"path": [
										"destinations"
									],
									"query": [
										{
											"key": "originCityId",
											"value": "1",
											"disabled": true
										}
									]
								}
							},
							"status": "Bad Request",
							"code": 400,
							"_postman_previewlanguage": "json",
							"header": [
								{
									"key": "X-Powered-By",
									"value": "Express"
								},
								{
									"key": "Access-Control-Allow-Origin",
									"value": "*"
								},
								{
									"key": "Content-Type",
									"value": "application/json; charset=utf-8"
								},
								{
									"key": "Content-Length",
									"value": "48"
								},
								{
									"key": "ETag",
									"value": "W/\"30-gib0ol5Ob64GTgG3HHYeQlJbdsY\""
								},
								{
									"key": "Date",
									"value": "Sun, 26 Mar 2023 16:59:41 GMT"
								},
								{
									"key": "Connection",
									"value": "keep-alive"
								},
								{
									"key": "Keep-Alive",
									"value": "timeout=5"
								}
							],
							"cookie": [],
							"body": "{\n    \"message\": \"Some required fields were not sent\"\n}"
						}
					]
				},
				{
					"name": "findAllFlightsByDepartureDateAndReturnDate",
					"request": {
						"method": "GET",
						"header": [],
						"url": {
							"raw": "{{url-lambda-flights-info}}/flights?originCityId=1&departureDate=2023-05-08T09:30:00.417-07:00",
							"host": [
								"{{url-lambda-flights-info}}"
							],
							"path": [
								"flights"
							],
							"query": [
								{
									"key": "originCityId",
									"value": "1"
								},
								{
									"key": "destinationCityId",
									"value": "2",
									"disabled": true
								},
								{
									"key": "departureDate",
									"value": "2023-05-08T09:30:00.417-07:00"
								}
							]
						}
					},
					"response": [
						{
							"name": "findAllFlightsByDepartureDateAndReturnDate",
							"originalRequest": {
								"method": "GET",
								"header": [],
								"url": {
									"raw": "{{url-lambda-flights-info}}/flights?originCityId=1&destinationCityId=2&departureDate=2023-05-08T09:30:00.417-07:00",
									"host": [
										"{{url-lambda-flights-info}}"
									],
									"path": [
										"flights"
									],
									"query": [
										{
											"key": "originCityId",
											"value": "1"
										},
										{
											"key": "destinationCityId",
											"value": "2"
										},
										{
											"key": "departureDate",
											"value": "2023-05-08T09:30:00.417-07:00"
										}
									]
								}
							},
							"status": "OK",
							"code": 200,
							"_postman_previewlanguage": "json",
							"header": [
								{
									"key": "X-Powered-By",
									"value": "Express"
								},
								{
									"key": "Access-Control-Allow-Origin",
									"value": "*"
								},
								{
									"key": "Content-Type",
									"value": "application/json; charset=utf-8"
								},
								{
									"key": "Content-Length",
									"value": "167"
								},
								{
									"key": "ETag",
									"value": "W/\"a7-RCsO9DEQy680NpiE1wrRoMzrR4A\""
								},
								{
									"key": "Date",
									"value": "Sun, 26 Mar 2023 16:46:14 GMT"
								},
								{
									"key": "Connection",
									"value": "keep-alive"
								},
								{
									"key": "Keep-Alive",
									"value": "timeout=5"
								}
							],
							"cookie": [],
							"body": "{\n    \"flights\": [\n        {\n            \"flight_id\": \"1\",\n            \"isLocal\": false,\n            \"departureDate\": \"2023-06-08T14:30:00.000Z\"\n        },\n        {\n            \"flight_id\": \"2\",\n            \"isLocal\": false,\n            \"departureDate\": \"2023-06-08T19:50:00.000Z\"\n        }\n    ]\n}"
						},
						{
							"name": "findAllFlightsByDepartureDateAndReturnDate",
							"originalRequest": {
								"method": "GET",
								"header": [],
								"url": {
									"raw": "{{url-lambda-flights-info}}/flights?originCityId=1&departureDate=2023-05-08T09:30:00.417-07:00",
									"host": [
										"{{url-lambda-flights-info}}"
									],
									"path": [
										"flights"
									],
									"query": [
										{
											"key": "originCityId",
											"value": "1"
										},
										{
											"key": "destinationCityId",
											"value": "2",
											"disabled": true
										},
										{
											"key": "departureDate",
											"value": "2023-05-08T09:30:00.417-07:00"
										}
									]
								}
							},
							"status": "Bad Request",
							"code": 400,
							"_postman_previewlanguage": "json",
							"header": [
								{
									"key": "X-Powered-By",
									"value": "Express"
								},
								{
									"key": "Access-Control-Allow-Origin",
									"value": "*"
								},
								{
									"key": "Content-Type",
									"value": "application/json; charset=utf-8"
								},
								{
									"key": "Content-Length",
									"value": "48"
								},
								{
									"key": "ETag",
									"value": "W/\"30-gib0ol5Ob64GTgG3HHYeQlJbdsY\""
								},
								{
									"key": "Date",
									"value": "Sun, 26 Mar 2023 17:00:54 GMT"
								},
								{
									"key": "Connection",
									"value": "keep-alive"
								},
								{
									"key": "Keep-Alive",
									"value": "timeout=5"
								}
							],
							"cookie": [],
							"body": "{\n    \"message\": \"Some required fields were not sent\"\n}"
						}
					]
				}
			]
		}
	]
}